{"__CLASS__":"npg_qc::autoqc::results::illumina_analysis","composition":{"__CLASS__":"npg_tracking::glossary::composition-87.3","components":[{"__CLASS__":"npg_tracking::glossary::composition::component::illumina-87.3","id_run":26261,"position":1},{"__CLASS__":"npg_tracking::glossary::composition::component::illumina-87.3","id_run":26261,"position":2},{"__CLASS__":"npg_tracking::glossary::composition::component::illumina-87.3","id_run":26261,"position":3},{"__CLASS__":"npg_tracking::glossary::composition::component::illumina-87.3","id_run":26261,"position":4}]},"info":{"Check":"npg_qc::autoqc::checks::illumina_analysis","Check_version":"0"},"lane_metrics":{"aligned_mean":{"1":{"1":0.729827716946602,"4":0.725119539846977},"2":{"1":0.730749591564139,"4":0.725799171254039},"3":{"1":0.723879835257928,"4":0.718298812086383},"4":{"1":0.726539225627979,"4":0.72141629892091}},"aligned_stdev":{"1":{"1":0.0146529963028342,"4":0.0149956082237995},"2":{"1":0.0162900823530457,"4":0.0159316243053525},"3":{"1":0.0170099269662763,"4":0.0186949295763636},"4":{"1":0.0160134281235872,"4":0.0156766963314264}},"cluster_count_mean":{"1":4091904,"2":4091904,"3":4091904,"4":4091904},"cluster_count_pf_mean":{"1":3061802.61431624,"2":3096890.18482906,"3":3123767.64850427,"4":3134300.58653846},"cluster_count_pf_stdev":{"1":70523.4703691533,"2":41908.8430363188,"3":48669.7409527728,"4":44840.2660234705},"cluster_count_pf_total":{"1":2865847247,"2":2898689213,"3":2923846519,"4":2933705349},"cluster_count_stdev":{"1":0,"2":0,"3":0,"4":0},"cluster_count_total":{"1":3830022144,"2":3830022144,"3":3830022144,"4":3830022144},"cluster_density_mean":{"1":2961263.95700836,"2":2961263.95700836,"3":2961263.95700836,"4":2961263.95700836},"cluster_density_pf_mean":{"1":2215791.40792371,"2":2241183.87996083,"3":2260634.79191703,"4":2268257.35827295},"cluster_density_pf_stdev":{"1":51037.0260219498,"2":30328.9486662863,"3":35221.7328853217,"4":32450.3858345576},"cluster_density_stdev":{"1":4.65910237492488e-09,"2":4.65910237492488e-09,"3":4.65910237492488e-09,"4":4.65910237492488e-09},"cluster_pf_mean":{"1":74.8258662548348,"2":75.6833538819352,"3":76.3401988048662,"4":76.5976080215582},"cluster_pf_stdev":{"1":1.72348790121062,"2":1.02418930249387,"3":1.1894155129928,"4":1.09582888609973},"occupied_mean":{"1":84.4681499836258,"2":86.7737758698452,"3":86.3295566888503,"4":87.5020701707984},"occupied_stdev":{"1":3.15664983763036,"2":1.23449400818654,"3":1.91265374843535,"4":1.5523701135365}},"path":"/nfs/sf32/ILorHSany_sf32/analysis/180626_A00538_0008_AH5HJ5DSXX"}