{"__CLASS__":"npg_qc::autoqc::results::illumina_analysis","composition":{"__CLASS__":"npg_tracking::glossary::composition-87.3","components":[{"__CLASS__":"npg_tracking::glossary::composition::component::illumina-87.3","id_run":27801,"position":1}]},"id_run":27801,"info":{"Check":"npg_qc::autoqc::checks::illumina_analysis","Check_version":"0"},"lane_metrics":{"aligned_mean":{"1":{"1":0.0156667006335088,"4":0.0149662563510771}},"aligned_stdev":{"1":{"1":0.00147269800318008,"4":0.00150940189428321}},"cluster pf_mean":{"1":89.6090172946017},"cluster pf_stdev":{"1":1.14436095795414},"cluster_count_mean":{"1":777968.321428571},"cluster_count_pf_mean":{"1":697076.285714286},"cluster_count_pf_stdev":{"1":10512.1525083966},"cluster_count_pf_total":{"1":19518136},"cluster_count_stdev":{"1":11580.81271073},"cluster_count_total":{"1":21783113},"cluster_density_mean":{"1":1172015.91964286},"cluster_density_pf_mean":{"1":1050053.27901786},"cluster_density_pf_stdev":{"1":15140.5329254499},"cluster_density_stdev":{"1":23345.0142310551}},"path":"/nfs/sf55/IL_seq_data/outgoing/181218_MS8_27801_A_MS7510412-300V2","position":1}